"#","Germplasm","Species","Bulked_Fruit_Wt","Dataset"
"1","Summit","Prunus avium","11.71","Sweet_cherry_CRS_phenotyping_2010"
"2","Summit","Prunus avium","14.09","Sweet_cherry_CRS_phenotyping_2011"
"3","Lambert","Prunus avium","8.14","Sweet_cherry_CRS_phenotyping_2011"
"4","Regina","Prunus avium","10.07","Sweet_cherry_CRS_phenotyping_2011"
"5","Regina","Prunus avium","11.82","Sweet_cherry_CRS_phenotyping_2010"
"6","Ambrunes","Prunus avium","6.92","Sweet_cherry_CRS_phenotyping_2011"
"7","Ambrunes","Prunus avium","7.27","Sweet_cherry_CRS_phenotyping_2010"
"8","Lapins","Prunus avium","9.42","Sweet_cherry_CRS_phenotyping_2011"
"9","Lapins","Prunus avium","12.17","Sweet_cherry_CRS_phenotyping_2010"
"10","Stella","Prunus avium","7.46","Sweet_cherry_CRS_phenotyping_2011"
"11","Sweetheart","Prunus avium","9.42","Sweet_cherry_CRS_phenotyping_2010"
"12","Sweetheart","Prunus avium","10.34","Sweet_cherry_CRS_phenotyping_2011"
"13","Van","Prunus avium","8.24","Sweet_cherry_CRS_phenotyping_2011"
"14","Schneiders","Prunus avium","6.68","Sweet_cherry_CRS_phenotyping_2011"
"15","Bing","Prunus avium","10.25","Sweet_cherry_CRS_phenotyping_2011"
"16","Rainier","Prunus avium","10.39","Sweet_cherry_CRS_phenotyping_2011"
"17","Rainier","Prunus avium","10.7","Sweet_cherry_CRS_phenotyping_2010"
"18","Benton","Prunus avium","11.12","Sweet_cherry_CRS_phenotyping_2011"
"19","Cashmere","Prunus avium","8.45","Sweet_cherry_CRS_phenotyping_2010"
"20","Cashmere","Prunus avium","9.81","Sweet_cherry_CRS_phenotyping_2011"
"21","Chelan","Prunus avium","9.17","Sweet_cherry_CRS_phenotyping_2010"
"22","Chelan","Prunus avium","9.7","Sweet_cherry_CRS_phenotyping_2011"
"23","Chinook","Prunus avium","5.2","Sweet_cherry_CRS_phenotyping_2011"
"24","Cowiche","Prunus avium","13.4","Sweet_cherry_CRS_phenotyping_2010"
"25","Cowiche","Prunus avium","14.65","Sweet_cherry_CRS_phenotyping_2011"
"26","Glacier","Prunus avium","13.41","Sweet_cherry_CRS_phenotyping_2011"
"27","Glacier","Prunus avium","13.65","Sweet_cherry_CRS_phenotyping_2010"
"28","Kiona","Prunus avium","10.61","Sweet_cherry_CRS_phenotyping_2010"
"29","Kiona","Prunus avium","13.88","Sweet_cherry_CRS_phenotyping_2011"
"30","NY 54","Prunus avium","1.59","Sweet_cherry_CRS_phenotyping_2011"
"31","PMR-1","Prunus avium","10.9","Sweet_cherry_CRS_phenotyping_2010"
"32","PMR-1","Prunus avium","10.97","Sweet_cherry_CRS_phenotyping_2011"
"33","Schmidt","Prunus avium","6.09","Sweet_cherry_CRS_phenotyping_2011"
"34","Selah","Prunus avium","15.83","Sweet_cherry_CRS_phenotyping_2011"
"35","Tieton","Prunus avium","9.44","Sweet_cherry_CRS_phenotyping_2010"
"36","Tieton","Prunus avium","12.85","Sweet_cherry_CRS_phenotyping_2011"
"37","Vic","Prunus avium","7.1","Sweet_cherry_CRS_phenotyping_2011"
"38","Windsor","Prunus avium","5.45","Sweet_cherry_CRS_phenotyping_2011"
"39","Kordia","Prunus avium","11.08","Sweet_cherry_CRS_phenotyping_2011"
"40","FR1T068","Prunus avium","11.34","Sweet_cherry_CRS_phenotyping_2010"
"41","FR1T068","Prunus avium","13.68","Sweet_cherry_CRS_phenotyping_2011"
"42","FR12T078","Prunus avium","10.65","Sweet_cherry_CRS_phenotyping_2011"
"43","FR12T081","Prunus avium","11.88","Sweet_cherry_CRS_phenotyping_2011"
"44","FR1T036","Prunus avium","10.02","Sweet_cherry_CRS_phenotyping_2011"
"45","FR1T036","Prunus avium","10.5","Sweet_cherry_CRS_phenotyping_2010"
"46","FR1T074","Prunus avium","10.84","Sweet_cherry_CRS_phenotyping_2010"
"47","FR1T074","Prunus avium","13.83","Sweet_cherry_CRS_phenotyping_2011"
"48","FR2T030","Prunus avium","9.56","Sweet_cherry_CRS_phenotyping_2010"
"49","FR2T030","Prunus avium","11.03","Sweet_cherry_CRS_phenotyping_2011"
"50","FR3T070","Prunus avium","7.38","Sweet_cherry_CRS_phenotyping_2010"
"51","FR3T070","Prunus avium","9.42","Sweet_cherry_CRS_phenotyping_2011"
"52","FR1T035","Prunus avium","5.77","Sweet_cherry_CRS_phenotyping_2011"
"53","FR1T035","Prunus avium","7.58","Sweet_cherry_CRS_phenotyping_2010"
"54","FR1T066","Prunus avium","7.47","Sweet_cherry_CRS_phenotyping_2010"
"55","FR1T066","Prunus avium","7.65","Sweet_cherry_CRS_phenotyping_2011"
"56","FR1T069","Prunus avium","8.05","Sweet_cherry_CRS_phenotyping_2010"
"57","FR1T069","Prunus avium","12.4","Sweet_cherry_CRS_phenotyping_2011"
"58","FR2T058","Prunus avium","5.85","Sweet_cherry_CRS_phenotyping_2011"
"59","FR2T058","Prunus avium","7.35","Sweet_cherry_CRS_phenotyping_2010"
"60","FR14T100","Prunus avium","5.96","Sweet_cherry_CRS_phenotyping_2011"
"61","FR21T040","Prunus avium","5.51","Sweet_cherry_CRS_phenotyping_2011"
"62","FR27T018","Prunus avium","3.73","Sweet_cherry_CRS_phenotyping_2011"
"63","FR28T100","Prunus avium","2.56","Sweet_cherry_CRS_phenotyping_2011"
"64","FR28T101","Prunus avium","2.46","Sweet_cherry_CRS_phenotyping_2011"
"65","FR28T104","Prunus avium","2.1","Sweet_cherry_CRS_phenotyping_2011"
"66","FR28T105","Prunus avium","2.49","Sweet_cherry_CRS_phenotyping_2011"
"67","FR28T106","Prunus avium","2.79","Sweet_cherry_CRS_phenotyping_2011"
"68","FR28T107","Prunus avium","2.9","Sweet_cherry_CRS_phenotyping_2011"
"69","FR28T108","Prunus avium","4.23","Sweet_cherry_CRS_phenotyping_2011"
"70","FR29T075","Prunus avium","2.8","Sweet_cherry_CRS_phenotyping_2011"
"71","FR29T076","Prunus avium","4.6","Sweet_cherry_CRS_phenotyping_2011"
"72","FR29T077","Prunus avium","4.42","Sweet_cherry_CRS_phenotyping_2011"
"73","FR10T099","Prunus avium","5.56","Sweet_cherry_CRS_phenotyping_2011"
"74","FR10T101","Prunus avium","8.5","Sweet_cherry_CRS_phenotyping_2011"
"75","FR11T015","Prunus avium","6.9","Sweet_cherry_CRS_phenotyping_2010"
"76","FR11T015","Prunus avium","9.45","Sweet_cherry_CRS_phenotyping_2011"
"77","FR11T016","Prunus avium","12.52","Sweet_cherry_CRS_phenotyping_2011"
"78","FR11T017","Prunus avium","10.34","Sweet_cherry_CRS_phenotyping_2011"
"79","FR11T017","Prunus avium","10.93","Sweet_cherry_CRS_phenotyping_2010"
"80","FR11T018","Prunus avium","7.72","Sweet_cherry_CRS_phenotyping_2010"
"81","FR11T019","Prunus avium","8.98","Sweet_cherry_CRS_phenotyping_2011"
"82","FR11T025","Prunus avium","6.99","Sweet_cherry_CRS_phenotyping_2010"
"83","FR11T025","Prunus avium","8.66","Sweet_cherry_CRS_phenotyping_2011"
"84","FR11T027","Prunus avium","6.13","Sweet_cherry_CRS_phenotyping_2010"
"85","FR11T027","Prunus avium","7.11","Sweet_cherry_CRS_phenotyping_2011"
"86","FR11T028","Prunus avium","7.99","Sweet_cherry_CRS_phenotyping_2011"
"87","FR11T028","Prunus avium","9.91","Sweet_cherry_CRS_phenotyping_2010"
"88","FR11T029","Prunus avium","7.91","Sweet_cherry_CRS_phenotyping_2010"
"89","FR11T029","Prunus avium","7.99","Sweet_cherry_CRS_phenotyping_2011"
"90","FR11T030","Prunus avium","7.14","Sweet_cherry_CRS_phenotyping_2010"
"91","FR11T031","Prunus avium","9.95","Sweet_cherry_CRS_phenotyping_2011"
"92","FR11T031","Prunus avium","9.96","Sweet_cherry_CRS_phenotyping_2010"
"93","FR11T032","Prunus avium","8.66","Sweet_cherry_CRS_phenotyping_2010"
"94","FR11T032","Prunus avium","11.53","Sweet_cherry_CRS_phenotyping_2011"
"95","FR12T001","Prunus avium","7.03","Sweet_cherry_CRS_phenotyping_2011"
"96","FR12T004","Prunus avium","5.85","Sweet_cherry_CRS_phenotyping_2011"
"97","FR12T006","Prunus avium","8.5","Sweet_cherry_CRS_phenotyping_2011"
"98","FR12T009","Prunus avium","9.32","Sweet_cherry_CRS_phenotyping_2011"
"99","FR12T012","Prunus avium","7.35","Sweet_cherry_CRS_phenotyping_2011"
"100","FR12T056","Prunus avium","8.53","Sweet_cherry_CRS_phenotyping_2011"
"101","FR12T058","Prunus avium","8.77","Sweet_cherry_CRS_phenotyping_2011"
"102","FR12T063","Prunus avium","9.13","Sweet_cherry_CRS_phenotyping_2011"
"103","FR12T066","Prunus avium","6.65","Sweet_cherry_CRS_phenotyping_2011"
"104","FR12T067","Prunus avium","8.7","Sweet_cherry_CRS_phenotyping_2011"
"105","FR12T068","Prunus avium","6.52","Sweet_cherry_CRS_phenotyping_2011"
"106","FR12T071","Prunus avium","9.37","Sweet_cherry_CRS_phenotyping_2011"
"107","FR12T072","Prunus avium","6.02","Sweet_cherry_CRS_phenotyping_2011"
"108","FR12T073","Prunus avium","7.31","Sweet_cherry_CRS_phenotyping_2011"
"109","FR12T076","Prunus avium","6.55","Sweet_cherry_CRS_phenotyping_2011"
"110","FR12T077","Prunus avium","9.07","Sweet_cherry_CRS_phenotyping_2010"
"111","FR12T077","Prunus avium","9.32","Sweet_cherry_CRS_phenotyping_2011"
"112","FR12T080","Prunus avium","0","Sweet_cherry_CRS_phenotyping_2011"
"113","FR12T091","Prunus avium","11.5","Sweet_cherry_CRS_phenotyping_2011"
"114","FR12T093","Prunus avium","9.64","Sweet_cherry_CRS_phenotyping_2011"
"115","FR13T058","Prunus avium","7.96","Sweet_cherry_CRS_phenotyping_2011"
"116","FR13T061","Prunus avium","8.18","Sweet_cherry_CRS_phenotyping_2011"
"117","FR14T056","Prunus avium","10.78","Sweet_cherry_CRS_phenotyping_2011"
"118","FR14T057","Prunus avium","9.09","Sweet_cherry_CRS_phenotyping_2011"
"119","FR14T060","Prunus avium","8.19","Sweet_cherry_CRS_phenotyping_2011"
"120","FR14T075","Prunus avium","5.92","Sweet_cherry_CRS_phenotyping_2011"
"121","FR14T076","Prunus avium","4.41","Sweet_cherry_CRS_phenotyping_2011"
"122","FR14T078","Prunus avium","6.89","Sweet_cherry_CRS_phenotyping_2011"
"123","FR14T079","Prunus avium","6.17","Sweet_cherry_CRS_phenotyping_2011"
"124","FR14T080","Prunus avium","10.73","Sweet_cherry_CRS_phenotyping_2011"
"125","FR14T081","Prunus avium","9.31","Sweet_cherry_CRS_phenotyping_2011"
"126","FR14T082","Prunus avium","9.04","Sweet_cherry_CRS_phenotyping_2011"
"127","FR14T084","Prunus avium","5.62","Sweet_cherry_CRS_phenotyping_2011"
"128","FR14T086","Prunus avium","6.13","Sweet_cherry_CRS_phenotyping_2011"
"129","FR17T006","Prunus avium","5.27","Sweet_cherry_CRS_phenotyping_2011"
"130","FR17T051","Prunus avium","7.1","Sweet_cherry_CRS_phenotyping_2011"
"131","FR18T017","Prunus avium","7.44","Sweet_cherry_CRS_phenotyping_2011"
"132","FR18T019","Prunus avium","9","Sweet_cherry_CRS_phenotyping_2011"
"133","FR18T041","Prunus avium","6.23","Sweet_cherry_CRS_phenotyping_2011"
"134","FR18T043","Prunus avium","8.58","Sweet_cherry_CRS_phenotyping_2011"
"135","FR18T044","Prunus avium","6.35","Sweet_cherry_CRS_phenotyping_2011"
"136","FR18T048","Prunus avium","4.98","Sweet_cherry_CRS_phenotyping_2011"
"137","FR18T071","Prunus avium","4.46","Sweet_cherry_CRS_phenotyping_2011"
"138","FR1T027","Prunus avium","11.28","Sweet_cherry_CRS_phenotyping_2011"
"139","FR1T028","Prunus avium","11.22","Sweet_cherry_CRS_phenotyping_2011"
"140","FR1T029","Prunus avium","9.48","Sweet_cherry_CRS_phenotyping_2010"
"141","FR1T029","Prunus avium","9.53","Sweet_cherry_CRS_phenotyping_2011"
"142","FR1T030","Prunus avium","5","Sweet_cherry_CRS_phenotyping_2011"
"143","FR1T030","Prunus avium","7.27","Sweet_cherry_CRS_phenotyping_2010"
"144","FR1T031","Prunus avium","8.69","Sweet_cherry_CRS_phenotyping_2011"
"145","FR1T031","Prunus avium","8.98","Sweet_cherry_CRS_phenotyping_2010"
"146","FR1T032","Prunus avium","11.1","Sweet_cherry_CRS_phenotyping_2010"
"147","FR1T032","Prunus avium","11.81","Sweet_cherry_CRS_phenotyping_2011"
"148","FR1T033","Prunus avium","9.17","Sweet_cherry_CRS_phenotyping_2011"
"149","FR1T033","Prunus avium","10.05","Sweet_cherry_CRS_phenotyping_2010"
"150","FR1T037","Prunus avium","10.42","Sweet_cherry_CRS_phenotyping_2010"
"151","FR1T037","Prunus avium","10.81","Sweet_cherry_CRS_phenotyping_2011"
"152","FR1T038","Prunus avium","9.07","Sweet_cherry_CRS_phenotyping_2010"
"153","FR1T038","Prunus avium","9.08","Sweet_cherry_CRS_phenotyping_2011"
"154","FR1T039","Prunus avium","10.63","Sweet_cherry_CRS_phenotyping_2010"
"155","FR1T039","Prunus avium","10.97","Sweet_cherry_CRS_phenotyping_2011"
"156","FR1T040","Prunus avium","10.29","Sweet_cherry_CRS_phenotyping_2010"
"157","FR1T040","Prunus avium","11.05","Sweet_cherry_CRS_phenotyping_2011"
"158","FR1T041","Prunus avium","5.34","Sweet_cherry_CRS_phenotyping_2010"
"159","FR1T041","Prunus avium","8.07","Sweet_cherry_CRS_phenotyping_2011"
"160","FR1T042","Prunus avium","8.71","Sweet_cherry_CRS_phenotyping_2011"
"161","FR1T042","Prunus avium","9.25","Sweet_cherry_CRS_phenotyping_2010"
"162","FR1T054","Prunus avium","7.97","Sweet_cherry_CRS_phenotyping_2011"
"163","FR1T054","Prunus avium","9.1","Sweet_cherry_CRS_phenotyping_2010"
"164","FR1T056","Prunus avium","11.58","Sweet_cherry_CRS_phenotyping_2010"
"165","FR1T056","Prunus avium","11.98","Sweet_cherry_CRS_phenotyping_2011"
"166","FR1T065","Prunus avium","12.49","Sweet_cherry_CRS_phenotyping_2011"
"167","FR1T065","Prunus avium","12.5","Sweet_cherry_CRS_phenotyping_2010"
"168","FR1T073","Prunus avium","11.39","Sweet_cherry_CRS_phenotyping_2010"
"169","FR1T073","Prunus avium","12.99","Sweet_cherry_CRS_phenotyping_2011"
"170","FR22T002","Prunus avium","8.1","Sweet_cherry_CRS_phenotyping_2011"
"171","FR22T004","Prunus avium","8.17","Sweet_cherry_CRS_phenotyping_2011"
"172","FR23T090","Prunus avium","2.42","Sweet_cherry_CRS_phenotyping_2011"
"173","FR23T119","Prunus avium","5.13","Sweet_cherry_CRS_phenotyping_2011"
"174","FR23T120","Prunus avium","6.92","Sweet_cherry_CRS_phenotyping_2011"
"175","FR23T129","Prunus avium","5.39","Sweet_cherry_CRS_phenotyping_2011"
"176","FR23T131","Prunus avium","7.67","Sweet_cherry_CRS_phenotyping_2011"
"177","FR25T081","Prunus avium","6.52","Sweet_cherry_CRS_phenotyping_2011"
"178","FR25T090","Prunus avium","5.12","Sweet_cherry_CRS_phenotyping_2011"
"179","FR26T033","Prunus avium","5.6","Sweet_cherry_CRS_phenotyping_2011"
"180","FR26T034","Prunus avium","6.09","Sweet_cherry_CRS_phenotyping_2011"
"181","FR26T037","Prunus avium","9.5","Sweet_cherry_CRS_phenotyping_2011"
"182","FR26T038","Prunus avium","6.8","Sweet_cherry_CRS_phenotyping_2011"
"183","FR27T001","Prunus avium","0","Sweet_cherry_CRS_phenotyping_2011"
"184","FR27T009","Prunus avium","4.4","Sweet_cherry_CRS_phenotyping_2011"
"185","FR27T013","Prunus avium","4.28","Sweet_cherry_CRS_phenotyping_2011"
"186","FR27T014","Prunus avium","4.35","Sweet_cherry_CRS_phenotyping_2011"
"187","FR27T015","Prunus avium","4.2","Sweet_cherry_CRS_phenotyping_2011"
"188","FR27T052","Prunus avium","8","Sweet_cherry_CRS_phenotyping_2011"
"189","FR27T053","Prunus avium","4.51","Sweet_cherry_CRS_phenotyping_2011"
"190","FR27T054","Prunus avium","0","Sweet_cherry_CRS_phenotyping_2011"
"191","FR27T094","Prunus avium","4.7","Sweet_cherry_CRS_phenotyping_2011"
"192","FR27T096","Prunus avium","3.25","Sweet_cherry_CRS_phenotyping_2011"
"193","FR27T097","Prunus avium","2.7","Sweet_cherry_CRS_phenotyping_2011"
"194","FR27T099","Prunus avium","2.93","Sweet_cherry_CRS_phenotyping_2011"
"195","FR29T073","Prunus avium","4.55","Sweet_cherry_CRS_phenotyping_2011"
"196","FR29T120","Prunus avium","3.53","Sweet_cherry_CRS_phenotyping_2011"
"197","FR29T122","Prunus avium","4.08","Sweet_cherry_CRS_phenotyping_2011"
"198","FR29T124","Prunus avium","2.45","Sweet_cherry_CRS_phenotyping_2011"
"199","FR2T035","Prunus avium","7.6","Sweet_cherry_CRS_phenotyping_2010"
"200","FR2T035","Prunus avium","7.88","Sweet_cherry_CRS_phenotyping_2011"
"201","FR2T037","Prunus avium","7.4","Sweet_cherry_CRS_phenotyping_2011"
"202","FR2T037","Prunus avium","8.3","Sweet_cherry_CRS_phenotyping_2010"
"203","FR2T038","Prunus avium","8.91","Sweet_cherry_CRS_phenotyping_2011"
"204","FR2T038","Prunus avium","9.65","Sweet_cherry_CRS_phenotyping_2010"
"205","FR2T040","Prunus avium","6.12","Sweet_cherry_CRS_phenotyping_2010"
"206","FR2T040","Prunus avium","6.95","Sweet_cherry_CRS_phenotyping_2011"
"207","FR2T045","Prunus avium","8.23","Sweet_cherry_CRS_phenotyping_2010"
"208","FR2T046","Prunus avium","9.44","Sweet_cherry_CRS_phenotyping_2010"
"209","FR2T046","Prunus avium","13.23","Sweet_cherry_CRS_phenotyping_2011"
"210","FR2T048","Prunus avium","7.59","Sweet_cherry_CRS_phenotyping_2011"
"211","FR2T049","Prunus avium","7.19","Sweet_cherry_CRS_phenotyping_2010"
"212","FR2T050","Prunus avium","6.06","Sweet_cherry_CRS_phenotyping_2011"
"213","FR2T050","Prunus avium","8.16","Sweet_cherry_CRS_phenotyping_2010"
"214","FR2T054","Prunus avium","7.59","Sweet_cherry_CRS_phenotyping_2011"
"215","FR2T054","Prunus avium","8.66","Sweet_cherry_CRS_phenotyping_2010"
"216","FR2T057","Prunus avium","5.77","Sweet_cherry_CRS_phenotyping_2011"
"217","FR2T057","Prunus avium","7.31","Sweet_cherry_CRS_phenotyping_2010"
"218","FR2T079","Prunus avium","6.64","Sweet_cherry_CRS_phenotyping_2010"
"219","FR2T079","Prunus avium","7.63","Sweet_cherry_CRS_phenotyping_2011"
"220","FR2T080","Prunus avium","5.96","Sweet_cherry_CRS_phenotyping_2011"
"221","FR2T080","Prunus avium","7.34","Sweet_cherry_CRS_phenotyping_2010"
"222","FR30T099","Prunus avium","4.85","Sweet_cherry_CRS_phenotyping_2011"
"223","FR30T102","Prunus avium","2.83","Sweet_cherry_CRS_phenotyping_2011"
"224","FR30T106","Prunus avium","4.2","Sweet_cherry_CRS_phenotyping_2011"
"225","FR30T108","Prunus avium","7.42","Sweet_cherry_CRS_phenotyping_2011"
"226","FR30T109","Prunus avium","5.05","Sweet_cherry_CRS_phenotyping_2011"
"227","FR31T007","Prunus avium","6.15","Sweet_cherry_CRS_phenotyping_2011"
"228","FR31T010","Prunus avium","10.3","Sweet_cherry_CRS_phenotyping_2011"
"229","FR33T004","Prunus avium","5.93","Sweet_cherry_CRS_phenotyping_2011"
"230","FR33T005","Prunus avium","9.1","Sweet_cherry_CRS_phenotyping_2011"
"231","FR33T006","Prunus avium","4.15","Sweet_cherry_CRS_phenotyping_2011"
"232","FR33T008","Prunus avium","4.85","Sweet_cherry_CRS_phenotyping_2011"
"233","FR35T101","Prunus avium","8.2","Sweet_cherry_CRS_phenotyping_2011"
"234","FR35T102","Prunus avium","9.33","Sweet_cherry_CRS_phenotyping_2011"
"235","FR35T103","Prunus avium","9.87","Sweet_cherry_CRS_phenotyping_2011"
"236","FR35T104","Prunus avium","10.9","Sweet_cherry_CRS_phenotyping_2011"
"237","FR35T105","Prunus avium","6.38","Sweet_cherry_CRS_phenotyping_2011"
"238","FR35T108","Prunus avium","4.95","Sweet_cherry_CRS_phenotyping_2011"
"239","FR35T110","Prunus avium","8","Sweet_cherry_CRS_phenotyping_2011"
"240","FR3T002","Prunus avium","7.02","Sweet_cherry_CRS_phenotyping_2011"
"241","FR3T002","Prunus avium","8.64","Sweet_cherry_CRS_phenotyping_2010"
"242","FR3T003","Prunus avium","5.9","Sweet_cherry_CRS_phenotyping_2011"
"243","FR3T004","Prunus avium","4.68","Sweet_cherry_CRS_phenotyping_2011"
"244","FR3T004","Prunus avium","5.3","Sweet_cherry_CRS_phenotyping_2010"
"245","FR3T005","Prunus avium","5.1","Sweet_cherry_CRS_phenotyping_2011"
"246","FR3T007","Prunus avium","5","Sweet_cherry_CRS_phenotyping_2011"
"247","FR3T009","Prunus avium","9.47","Sweet_cherry_CRS_phenotyping_2011"
"248","FR3T013","Prunus avium","12.93","Sweet_cherry_CRS_phenotyping_2011"
"249","FR3T014","Prunus avium","9.14","Sweet_cherry_CRS_phenotyping_2011"
"250","FR3T015","Prunus avium","8.83","Sweet_cherry_CRS_phenotyping_2011"
"251","FR3T016","Prunus avium","9.9","Sweet_cherry_CRS_phenotyping_2011"
"252","FR3T018","Prunus avium","8.93","Sweet_cherry_CRS_phenotyping_2010"
"253","FR3T018","Prunus avium","10.24","Sweet_cherry_CRS_phenotyping_2011"
"254","FR3T020","Prunus avium","7.81","Sweet_cherry_CRS_phenotyping_2010"
"255","FR3T020","Prunus avium","9.98","Sweet_cherry_CRS_phenotyping_2011"
"256","FR3T021","Prunus avium","6.17","Sweet_cherry_CRS_phenotyping_2011"
"257","FR3T021","Prunus avium","6.78","Sweet_cherry_CRS_phenotyping_2010"
"258","FR3T022","Prunus avium","7.23","Sweet_cherry_CRS_phenotyping_2011"
"259","FR3T023","Prunus avium","10.34","Sweet_cherry_CRS_phenotyping_2011"
"260","FR3T025","Prunus avium","7.89","Sweet_cherry_CRS_phenotyping_2010"
"261","FR3T025","Prunus avium","8.75","Sweet_cherry_CRS_phenotyping_2011"
"262","FR3T026","Prunus avium","10.41","Sweet_cherry_CRS_phenotyping_2011"
"263","FR3T027","Prunus avium","12.85","Sweet_cherry_CRS_phenotyping_2011"
"264","FR3T029","Prunus avium","2.37","Sweet_cherry_CRS_phenotyping_2010"
"265","FR3T029","Prunus avium","7.24","Sweet_cherry_CRS_phenotyping_2011"
"266","FR3T030","Prunus avium","8.11","Sweet_cherry_CRS_phenotyping_2011"
"267","FR3T031","Prunus avium","9.68","Sweet_cherry_CRS_phenotyping_2011"
"268","FR3T033","Prunus avium","9.71","Sweet_cherry_CRS_phenotyping_2011"
"269","FR3T034","Prunus avium","8.67","Sweet_cherry_CRS_phenotyping_2011"
"270","FR3T043","Prunus avium","6.32","Sweet_cherry_CRS_phenotyping_2011"
"271","FR3T043","Prunus avium","7.89","Sweet_cherry_CRS_phenotyping_2010"
"272","FR3T044","Prunus avium","7.53","Sweet_cherry_CRS_phenotyping_2011"
"273","FR3T046","Prunus avium","9.49","Sweet_cherry_CRS_phenotyping_2011"
"274","FR3T047","Prunus avium","6.02","Sweet_cherry_CRS_phenotyping_2011"
"275","FR3T050","Prunus avium","8.26","Sweet_cherry_CRS_phenotyping_2010"
"276","FR3T050","Prunus avium","9.61","Sweet_cherry_CRS_phenotyping_2011"
"277","FR3T056","Prunus avium","8.71","Sweet_cherry_CRS_phenotyping_2010"
"278","FR3T056","Prunus avium","9.71","Sweet_cherry_CRS_phenotyping_2011"
"279","FR3T057","Prunus avium","6.74","Sweet_cherry_CRS_phenotyping_2010"
"280","FR3T057","Prunus avium","7.69","Sweet_cherry_CRS_phenotyping_2011"
"281","FR3T058","Prunus avium","11.5","Sweet_cherry_CRS_phenotyping_2011"
"282","FR42T001","Prunus avium","4.25","Sweet_cherry_CRS_phenotyping_2011"
"283","FR42T048","Prunus avium","6.6","Sweet_cherry_CRS_phenotyping_2011"
"284","FR5T019","Prunus avium","7.84","Sweet_cherry_CRS_phenotyping_2011"
"285","FR5T021","Prunus avium","8.76","Sweet_cherry_CRS_phenotyping_2011"
"286","FR5T021","Prunus avium","12.59","Sweet_cherry_CRS_phenotyping_2010"
"287","FR5T025","Prunus avium","7.15","Sweet_cherry_CRS_phenotyping_2011"
"288","FR8T002","Prunus avium","6.68","Sweet_cherry_CRS_phenotyping_2011"
"289","FR8T003","Prunus avium","7.9","Sweet_cherry_CRS_phenotyping_2011"
"290","FR8T011","Prunus avium","8.62","Sweet_cherry_CRS_phenotyping_2011"
"291","FR8T057","Prunus avium","7.79","Sweet_cherry_CRS_phenotyping_2011"
"292","FR9T032","Prunus avium","10.19","Sweet_cherry_CRS_phenotyping_2011"
"293","FR9T033","Prunus avium","7.77","Sweet_cherry_CRS_phenotyping_2011"
"294","FR9T034","Prunus avium","8.04","Sweet_cherry_CRS_phenotyping_2011"
"295","FR9T081","Prunus avium","7.94","Sweet_cherry_CRS_phenotyping_2011"
"296","FR9T083","Prunus avium","8.81","Sweet_cherry_CRS_phenotyping_2011"
"297","FR9T084","Prunus avium","7.4","Sweet_cherry_CRS_phenotyping_2011"
"298","FR9T085","Prunus avium","7.05","Sweet_cherry_CRS_phenotyping_2011"
"299","FR9T086","Prunus avium","9.67","Sweet_cherry_CRS_phenotyping_2011"
"300","FR9T087","Prunus avium","10.25","Sweet_cherry_CRS_phenotyping_2011"
"301","FR9T097","Prunus avium","8.58","Sweet_cherry_CRS_phenotyping_2011"
"302","FR9T098","Prunus avium","8.08","Sweet_cherry_CRS_phenotyping_2011"
"303","PC 9816-005","Prunus avium","7.23","Sweet_cherry_CRS_phenotyping_2010"
"304","PC 9816-023","Prunus avium","7.55","Sweet_cherry_CRS_phenotyping_2010"
"305","PC 9816-041","Prunus avium","7.79","Sweet_cherry_CRS_phenotyping_2010"
"306","PC 9816-059","Prunus avium","10.2","Sweet_cherry_CRS_phenotyping_2010"
"307","PC 9816-083","Prunus avium","10.95","Sweet_cherry_CRS_phenotyping_2010"
"308","PC 9816-103","Prunus avium","8.9","Sweet_cherry_CRS_phenotyping_2010"
"309","PC 9816-106","Prunus avium","7.35","Sweet_cherry_CRS_phenotyping_2010"
"310","PC 9816-078","Prunus avium","11.07","Sweet_cherry_CRS_phenotyping_2010"
"311","PC 9819-005","Prunus avium","7.49","Sweet_cherry_CRS_phenotyping_2010"
"312","PC 9819-038","Prunus avium","9.98","Sweet_cherry_CRS_phenotyping_2010"
"313","PC 9814-025","Prunus avium","7.44","Sweet_cherry_CRS_phenotyping_2010"
"314","PC 9814-103","Prunus avium","4.98","Sweet_cherry_CRS_phenotyping_2010"
"315","PC 9814-105","Prunus avium","7.94","Sweet_cherry_CRS_phenotyping_2010"
"316","PC 9814-028","Prunus avium","6.73","Sweet_cherry_CRS_phenotyping_2010"
"317","PC 9814-062","Prunus avium","8.41","Sweet_cherry_CRS_phenotyping_2010"
"318","PC 9814-063","Prunus avium","8.6","Sweet_cherry_CRS_phenotyping_2010"
"319","PC 9814-071","Prunus avium","9.58","Sweet_cherry_CRS_phenotyping_2010"
"320","PC 9814-076","Prunus avium","5.66","Sweet_cherry_CRS_phenotyping_2010"
"321","PC 9819-034","Prunus avium","9.36","Sweet_cherry_CRS_phenotyping_2010"
"322","Unk10-Sdlg","Prunus avium","6.86","Sweet_cherry_CRS_phenotyping_2011"
"323","Unk11-Sdlg","Prunus avium","11.17","Sweet_cherry_CRS_phenotyping_2011"
"324","Unk14-Sdlg","Prunus avium","6.06","Sweet_cherry_CRS_phenotyping_2011"
"325","Unk15-Sdlg","Prunus avium","8.72","Sweet_cherry_CRS_phenotyping_2010"
"326","Unk15-Sdlg","Prunus avium","10.26","Sweet_cherry_CRS_phenotyping_2011"
"327","Unk16-Sdlg","Prunus avium","4.5","Sweet_cherry_CRS_phenotyping_2011"
"328","Unk17-Sdlg","Prunus avium","7.73","Sweet_cherry_CRS_phenotyping_2010"
"329","Unk20-Sdlg","Prunus avium","5.27","Sweet_cherry_CRS_phenotyping_2011"
"330","Unk25-Sdlg","Prunus avium","6.82","Sweet_cherry_CRS_phenotyping_2011"
"331","Emperor Francis","Prunus avium","6.03","Sweet_cherry_CRS_phenotyping_2011"
"332","Black Republican","Prunus avium","4.65","Sweet_cherry_CRS_phenotyping_2011"
"333","Venus","Prunus avium","8.52","Sweet_cherry_CRS_phenotyping_2011"
"334","Moreau","Prunus avium","7.28","Sweet_cherry_CRS_phenotyping_2011"
"335","Index","Prunus avium","7.6","Sweet_cherry_CRS_phenotyping_2010"
"336","Index","Prunus avium","10.43","Sweet_cherry_CRS_phenotyping_2011"
"337","Sunburst","Prunus avium","9.06","Sweet_cherry_CRS_phenotyping_2011"
